{
  "name": "daggerheart-fear-tracker",
  "title": "Daggerheart Fear Tracker",
  "description": "Adds a GM-controlled, animated slider bar with configurable fear tokens to the UI (including player UIs). Fully responsive and customizable via settings.",
  "version": "0.1.0b",
  "author": "Epic Name",
  "minimumCoreVersion": "12",
  "compatibleCoreVersion": "13",
  "styles": [],
  "scripts": ["daggerheart-fear-tracker.js"],
  "esmodules": [],
  "packs": [],
  "languages": [],
  "url": "https://github.com/andrewbrick/Daggerheart-Fear-Tracker-for-Foundry/",
  "manifest": "https://github.com/andrewbrick/Daggerheart-Fear-Tracker-for-Foundry/blob/main/module.json",
  "download": "https://github.com/andrewbrick/Daggerheart-Fear-Tracker-for-Foundry/daggerheart-fear-tracker.zip"
}
